category,file,bytes,restricted,downloaded,local_path,s3_key
Investigation Metadata Files,PSI-107_metadata_PSI-176_SPICE.zip,9313,False,True,Investigation Metadata Files\PSI-107_metadata_PSI-176_SPICE.zip,psi-data/PSI-107/metadata/PSI-107_metadata_PSI-176_SPICE.zip
Reports,PSI-107_Reports_SMOKE POINTS OF MICROGRAVITY AND  NORMAL GRAVITY COFLOW DIFFUSION  FLAMES_DotsonThesis.pdf,2227738,False,True,Reports\PSI-107_Reports_SMOKE POINTS OF MICROGRAVITY AND  NORMAL GRAVITY COFLOW DIFFUSION  FLAMES_DotsonThesis.pdf,psi-data/PSI-107/Reports/PSI-107_Reports_SMOKE POINTS OF MICROGRAVITY AND  NORMAL GRAVITY COFLOW DIFFUSION  FLAMES_DotsonThesis.pdf
Reports,PSI-107_Reports_SPICE_30-DayPostFlightReport.pdf,160909,False,True,Reports\PSI-107_Reports_SPICE_30-DayPostFlightReport.pdf,psi-data/PSI-107/Reports/PSI-107_Reports_SPICE_30-DayPostFlightReport.pdf
Reports,PSI-107_Reports_SPICE_FinalReport.pdf,601754,False,True,Reports\PSI-107_Reports_SPICE_FinalReport.pdf,psi-data/PSI-107/Reports/PSI-107_Reports_SPICE_FinalReport.pdf
Science Documents,PSI-107_Science Documents_SPICE_SRD.doc,1112064,False,True,Science Documents\PSI-107_Science Documents_SPICE_SRD.doc,psi-data/PSI-107/Science Documents/PSI-107_Science Documents_SPICE_SRD.doc
Presentations,PSI-107_Presentations_SPICE Overview.ppt,28868608,False,True,Presentations\PSI-107_Presentations_SPICE Overview.ppt,psi-data/PSI-107/Presentations/PSI-107_Presentations_SPICE Overview.ppt
Presentations,PSI-107_Presentations_Laminar Smoke Points in Coflow Measured Aboard ISS.pdf,1306705,False,True,Presentations\PSI-107_Presentations_Laminar Smoke Points in Coflow Measured Aboard ISS.pdf,psi-data/PSI-107/Presentations/PSI-107_Presentations_Laminar Smoke Points in Coflow Measured Aboard ISS.pdf
Presentations,PSI-107_Presentations_SPICE-1 Ops Overview and Smoke Point Cue Card.ppt,4048384,False,True,Presentations\PSI-107_Presentations_SPICE-1 Ops Overview and Smoke Point Cue Card.ppt,psi-data/PSI-107/Presentations/PSI-107_Presentations_SPICE-1 Ops Overview and Smoke Point Cue Card.ppt
Presentations,PSI-107_Presentations_IP-C Crew training 2010.pdf,1348519,False,True,Presentations\PSI-107_Presentations_IP-C Crew training 2010.pdf,psi-data/PSI-107/Presentations/PSI-107_Presentations_IP-C Crew training 2010.pdf
Presentations,PSI-107_Presentations_IP-D Crew training 2011.pdf,1339967,False,True,Presentations\PSI-107_Presentations_IP-D Crew training 2011.pdf,psi-data/PSI-107/Presentations/PSI-107_Presentations_IP-D Crew training 2011.pdf
Raw Data/Reduced Gravity/SPICE Day 045,PSI-107_Raw Data_Ethylene assembled smoke hieght slide.  GMT 045 1503      11 26 2011.pptx,1447201,False,True,Raw Data\Reduced Gravity\SPICE Day 045\PSI-107_Raw Data_Ethylene assembled smoke hieght slide.  GMT 045 1503      11 26 2011.pptx,psi-data/PSI-107/Raw Data/PSI-107_Raw Data_Ethylene assembled smoke hieght slide.  GMT 045 1503      11 26 2011.pptx
Raw Data/Reduced Gravity/SPICE Day 045,PSI-107_Raw Data_SPICE_GMT045_2009_NikonD100_PictureBook.ppt,93862400,False,False,,psi-data/PSI-107/Raw Data/PSI-107_Raw Data_SPICE_GMT045_2009_NikonD100_PictureBook.ppt
Raw Data/Reduced Gravity/SPICE Day 045,PSI-107_Raw Data_Spice_Flight_Flamelength.xls,16896,False,True,Raw Data\Reduced Gravity\SPICE Day 045\PSI-107_Raw Data_Spice_Flight_Flamelength.xls,psi-data/PSI-107/Raw Data/PSI-107_Raw Data_Spice_Flight_Flamelength.xls
Raw Data/Reduced Gravity/SPICE Day 045,PSI-107_Raw Data_045_SPICE_DSC_num.txt,1475,False,True,Raw Data\Reduced Gravity\SPICE Day 045\PSI-107_Raw Data_045_SPICE_DSC_num.txt,psi-data/PSI-107/Raw Data/PSI-107_Raw Data_045_SPICE_DSC_num.txt
Raw Data/Reduced Gravity/SPICE Day 045,PSI-107_Raw Data_SmokePointReview-0g-3.xlsx,295735,False,True,Raw Data\Reduced Gravity\SPICE Day 045\PSI-107_Raw Data_SmokePointReview-0g-3.xlsx,psi-data/PSI-107/Raw Data/PSI-107_Raw Data_SmokePointReview-0g-3.xlsx
Raw Data/Reduced Gravity/SPICE Day 045,PSI-107_Raw Data_SPICE_GMT045_2009_NEF.zip,249350792,False,False,,psi-data/PSI-107/Raw Data/PSI-107_Raw Data_SPICE_GMT045_2009_NEF.zip
Raw Data/Reduced Gravity/SPICE Day 045,PSI-107_Raw Data_SPICE Image Organization Guide.docx,139512,False,True,Raw Data\Reduced Gravity\SPICE Day 045\PSI-107_Raw Data_SPICE Image Organization Guide.docx,psi-data/PSI-107/Raw Data/PSI-107_Raw Data_SPICE Image Organization Guide.docx
Raw Data/Reduced Gravity/SPICE Day 045,PSI-107_Raw Data_Spice Flight Test Data II modified.xls,429568,False,True,Raw Data\Reduced Gravity\SPICE Day 045\PSI-107_Raw Data_Spice Flight Test Data II modified.xls,psi-data/PSI-107/Raw Data/PSI-107_Raw Data_Spice Flight Test Data II modified.xls
Raw Data/Reduced Gravity/SPICE Day 045,PSI-107_Raw Data_vlcsnap downlink frame grabs.zip,48667244,False,False,,psi-data/PSI-107/Raw Data/PSI-107_Raw Data_vlcsnap downlink frame grabs.zip
Raw Data/Reduced Gravity/SPICE Day 045,PSI-107_Raw Data_SPICE Day 045 Test Point Images.zip,3006740,False,False,,psi-data/PSI-107/Raw Data/PSI-107_Raw Data_SPICE Day 045 Test Point Images.zip
Raw Data/Reduced Gravity/SPICE Day 045,PSI-107_Raw Data_SPICE GMT045 2009 Contact Sheets.zip,86668356,False,False,,psi-data/PSI-107/Raw Data/PSI-107_Raw Data_SPICE GMT045 2009 Contact Sheets.zip
Raw Data/Reduced Gravity/SPICE Day 045,PSI-107_Raw Data_SPICE GMT045 2009 jpegs.zip,6793541,False,False,,psi-data/PSI-107/Raw Data/PSI-107_Raw Data_SPICE GMT045 2009 jpegs.zip
Raw Data/Reduced Gravity/SPICE Day 045,PSI-107_Raw Data_Downlink Frame Grabs 36f.zip,7380242,False,False,,psi-data/PSI-107/Raw Data/PSI-107_Raw Data_Downlink Frame Grabs 36f.zip
Raw Data/Reduced Gravity/SPICE Day 048,PSI-107_Raw Data_048_SPICE_num.txt,1577,False,True,Raw Data\Reduced Gravity\SPICE Day 048\PSI-107_Raw Data_048_SPICE_num.txt,psi-data/PSI-107/Raw Data/PSI-107_Raw Data_048_SPICE_num.txt
Raw Data/Reduced Gravity/SPICE Day 048,PSI-107_Raw Data_SPICE_GMT048_2009_NikonD100_PictureBook.ppt,88787968,False,False,,psi-data/PSI-107/Raw Data/PSI-107_Raw Data_SPICE_GMT048_2009_NikonD100_PictureBook.ppt
Raw Data/Reduced Gravity/SPICE Day 048,PSI-107_Raw Data_SPICE_GMT048_2009_NEF.zip,252817183,False,False,,psi-data/PSI-107/Raw Data/PSI-107_Raw Data_SPICE_GMT048_2009_NEF.zip
Raw Data/Reduced Gravity/SPICE Day 048,PSI-107_Raw Data_Downlink Frame Grabs - Ruler.zip,1028100,False,False,,psi-data/PSI-107/Raw Data/PSI-107_Raw Data_Downlink Frame Grabs - Ruler.zip
Raw Data/Reduced Gravity/SPICE Day 048,PSI-107_Raw Data_Downlink Frame Grabs - TP 13.zip,1291833,False,False,,psi-data/PSI-107/Raw Data/PSI-107_Raw Data_Downlink Frame Grabs - TP 13.zip
Raw Data/Reduced Gravity/SPICE Day 048,PSI-107_Raw Data_Downlink Frame Grabs - TP 14.zip,2116454,False,False,,psi-data/PSI-107/Raw Data/PSI-107_Raw Data_Downlink Frame Grabs - TP 14.zip
Raw Data/Reduced Gravity/SPICE Day 048,PSI-107_Raw Data_Downlink Frame Grabs - TP 15.zip,1317589,False,False,,psi-data/PSI-107/Raw Data/PSI-107_Raw Data_Downlink Frame Grabs - TP 15.zip
Raw Data/Reduced Gravity/SPICE Day 048,PSI-107_Raw Data_Downlink Frame Grabs - TP 16.zip,15486800,False,False,,psi-data/PSI-107/Raw Data/PSI-107_Raw Data_Downlink Frame Grabs - TP 16.zip
Raw Data/Reduced Gravity/SPICE Day 048,PSI-107_Raw Data_SPICE GMT048 2009 Contact Sheets.zip,81007511,False,False,,psi-data/PSI-107/Raw Data/PSI-107_Raw Data_SPICE GMT048 2009 Contact Sheets.zip
Raw Data/Reduced Gravity/SPICE Day 048,PSI-107_Raw Data_SPICE GMT048 2009 jpegs.zip,9011150,False,False,,psi-data/PSI-107/Raw Data/PSI-107_Raw Data_SPICE GMT048 2009 jpegs.zip
Raw Data/Reduced Gravity/SPICE Day 052,PSI-107_Raw Data_SPICE_GMT052_2009_NikonD100_PictureBook.ppt,229785600,False,False,,psi-data/PSI-107/Raw Data/PSI-107_Raw Data_SPICE_GMT052_2009_NikonD100_PictureBook.ppt
Raw Data/Reduced Gravity/SPICE Day 052,PSI-107_Raw Data_SPICE_GMT052_2009_NEF.zip,660834359,False,False,,psi-data/PSI-107/Raw Data/PSI-107_Raw Data_SPICE_GMT052_2009_NEF.zip
Raw Data/Reduced Gravity/SPICE Day 052,PSI-107_Raw Data_GMT052nikon_propy.xls,5451264,False,False,,psi-data/PSI-107/Raw Data/PSI-107_Raw Data_GMT052nikon_propy.xls
Raw Data/Reduced Gravity/SPICE Day 052,PSI-107_Raw Data_Downlink Frame Grabs - TP 25.zip,9962438,False,False,,psi-data/PSI-107/Raw Data/PSI-107_Raw Data_Downlink Frame Grabs - TP 25.zip
Raw Data/Reduced Gravity/SPICE Day 052,PSI-107_Raw Data_Downlink Frame Grabs - TP 26.zip,2571678,False,False,,psi-data/PSI-107/Raw Data/PSI-107_Raw Data_Downlink Frame Grabs - TP 26.zip
Raw Data/Reduced Gravity/SPICE Day 052,PSI-107_Raw Data_Downlink Frame Grabs - TP 27.zip,4768314,False,False,,psi-data/PSI-107/Raw Data/PSI-107_Raw Data_Downlink Frame Grabs - TP 27.zip
Raw Data/Reduced Gravity/SPICE Day 052,PSI-107_Raw Data_Downlink Frame Grabs - TP 28.zip,1401819,False,False,,psi-data/PSI-107/Raw Data/PSI-107_Raw Data_Downlink Frame Grabs - TP 28.zip
Raw Data/Reduced Gravity/SPICE Day 052,PSI-107_Raw Data_Downlink Frame Grabs - TP 29.zip,4116722,False,False,,psi-data/PSI-107/Raw Data/PSI-107_Raw Data_Downlink Frame Grabs - TP 29.zip
Raw Data/Reduced Gravity/SPICE Day 052,PSI-107_Raw Data_Downlink Frame Grabs - TP 30.zip,2695192,False,False,,psi-data/PSI-107/Raw Data/PSI-107_Raw Data_Downlink Frame Grabs - TP 30.zip
Raw Data/Reduced Gravity/SPICE Day 052,PSI-107_Raw Data_Downlink Frame Grabs - TP 31_Liftoff.zip,16130682,False,False,,psi-data/PSI-107/Raw Data/PSI-107_Raw Data_Downlink Frame Grabs - TP 31_Liftoff.zip
Raw Data/Reduced Gravity/SPICE Day 052,PSI-107_Raw Data_Downlink Frame Grabs TP 32a.zip,3797305,False,False,,psi-data/PSI-107/Raw Data/PSI-107_Raw Data_Downlink Frame Grabs TP 32a.zip
Raw Data/Reduced Gravity/SPICE Day 052,PSI-107_Raw Data_Downlink Frame Grabs TP 32b.zip,5187002,False,False,,psi-data/PSI-107/Raw Data/PSI-107_Raw Data_Downlink Frame Grabs TP 32b.zip
Raw Data/Reduced Gravity/SPICE Day 052,PSI-107_Raw Data_Downlink Frame Grab TP 33a.zip,2006337,False,False,,psi-data/PSI-107/Raw Data/PSI-107_Raw Data_Downlink Frame Grab TP 33a.zip
Raw Data/Reduced Gravity/SPICE Day 052,PSI-107_Raw Data_Downlink Frame Grabs TP 33b.zip,2197497,False,False,,psi-data/PSI-107/Raw Data/PSI-107_Raw Data_Downlink Frame Grabs TP 33b.zip
Raw Data/Reduced Gravity/SPICE Day 052,PSI-107_Raw Data_Downlink Frame Grabs TP 33c.zip,4781942,False,False,,psi-data/PSI-107/Raw Data/PSI-107_Raw Data_Downlink Frame Grabs TP 33c.zip
Raw Data/Reduced Gravity/SPICE Day 052,PSI-107_Raw Data_Downlink Frame Grabs TP34.zip,1193949,False,False,,psi-data/PSI-107/Raw Data/PSI-107_Raw Data_Downlink Frame Grabs TP34.zip
Raw Data/Reduced Gravity/SPICE Day 052,PSI-107_Raw Data_Downlink Frame Grabs TP 35_36.zip,12274813,False,False,,psi-data/PSI-107/Raw Data/PSI-107_Raw Data_Downlink Frame Grabs TP 35_36.zip
Raw Data/Reduced Gravity/SPICE Day 052,PSI-107_Raw Data_Downlink Frame Grabs TP 36b.zip,9253993,False,False,,psi-data/PSI-107/Raw Data/PSI-107_Raw Data_Downlink Frame Grabs TP 36b.zip
Raw Data/Reduced Gravity/SPICE Day 052,PSI-107_Raw Data_Downlink Frame Grabs TP 36c.zip,3585884,False,False,,psi-data/PSI-107/Raw Data/PSI-107_Raw Data_Downlink Frame Grabs TP 36c.zip
Raw Data/Reduced Gravity/SPICE Day 052,PSI-107_Raw Data_Downlink Frame Grabs TP36d.zip,4269717,False,False,,psi-data/PSI-107/Raw Data/PSI-107_Raw Data_Downlink Frame Grabs TP36d.zip
Raw Data/Reduced Gravity/SPICE Day 052,PSI-107_Raw Data_Downlink Frame Grabs TP 36e.zip,9201580,False,False,,psi-data/PSI-107/Raw Data/PSI-107_Raw Data_Downlink Frame Grabs TP 36e.zip
Raw Data/Reduced Gravity/SPICE Day 052,PSI-107_Raw Data_Downlink Frame Grabs TP 36g_i.zip,5850017,False,False,,psi-data/PSI-107/Raw Data/PSI-107_Raw Data_Downlink Frame Grabs TP 36g_i.zip
Raw Data/Reduced Gravity/SPICE Day 052,PSI-107_Raw Data_Downlink Frame Grabs TP 36j_last_propane.zip,1975000,False,False,,psi-data/PSI-107/Raw Data/PSI-107_Raw Data_Downlink Frame Grabs TP 36j_last_propane.zip
Raw Data/Reduced Gravity/SPICE Day 052,PSI-107_Raw Data_Downlink Frame Grabs TP 37.zip,2270519,False,False,,psi-data/PSI-107/Raw Data/PSI-107_Raw Data_Downlink Frame Grabs TP 37.zip
Raw Data/Reduced Gravity/SPICE Day 052,PSI-107_Raw Data_Downlink Frame Grabs TP 38.zip,2079704,False,False,,psi-data/PSI-107/Raw Data/PSI-107_Raw Data_Downlink Frame Grabs TP 38.zip
Raw Data/Reduced Gravity/SPICE Day 052,PSI-107_Raw Data_Downlink Frame Grabs TP 39_40.zip,8464802,False,False,,psi-data/PSI-107/Raw Data/PSI-107_Raw Data_Downlink Frame Grabs TP 39_40.zip
Raw Data/Reduced Gravity/SPICE Day 052,PSI-107_Raw Data_Downlink Frame Grabs TP 41_42.zip,7295379,False,False,,psi-data/PSI-107/Raw Data/PSI-107_Raw Data_Downlink Frame Grabs TP 41_42.zip
Raw Data/Reduced Gravity/SPICE Day 052,PSI-107_Raw Data_Downlink Frame Grabs TP 43_44.zip,1567786,False,False,,psi-data/PSI-107/Raw Data/PSI-107_Raw Data_Downlink Frame Grabs TP 43_44.zip
Raw Data/Reduced Gravity/SPICE Day 052,PSI-107_Raw Data_Downlink Frame Grabs TP 43a_44a.zip,12361194,False,False,,psi-data/PSI-107/Raw Data/PSI-107_Raw Data_Downlink Frame Grabs TP 43a_44a.zip
Raw Data/Reduced Gravity/SPICE Day 052,PSI-107_Raw Data_Downlink Frame Grabs TP 45.zip,12648978,False,False,,psi-data/PSI-107/Raw Data/PSI-107_Raw Data_Downlink Frame Grabs TP 45.zip
Raw Data/Reduced Gravity/SPICE Day 052,PSI-107_Raw Data_Downlink Frame Grabs TP 46.zip,7904508,False,False,,psi-data/PSI-107/Raw Data/PSI-107_Raw Data_Downlink Frame Grabs TP 46.zip
Raw Data/Reduced Gravity/SPICE Day 052,PSI-107_Raw Data_Downlink Frame Grabs TP 49_50.zip,8551760,False,False,,psi-data/PSI-107/Raw Data/PSI-107_Raw Data_Downlink Frame Grabs TP 49_50.zip
Raw Data/Reduced Gravity/SPICE Day 052,PSI-107_Raw Data_Downlink Frame Grabs TP 51_52.zip,12471156,False,False,,psi-data/PSI-107/Raw Data/PSI-107_Raw Data_Downlink Frame Grabs TP 51_52.zip
Raw Data/Reduced Gravity/SPICE Day 052,PSI-107_Raw Data_Downlink Frame Grabs TP 53.zip,10647838,False,False,,psi-data/PSI-107/Raw Data/PSI-107_Raw Data_Downlink Frame Grabs TP 53.zip
Raw Data/Reduced Gravity/SPICE Day 052,PSI-107_Raw Data_SPICE_GMT052_2009_ContactSheet.zip,208600503,False,False,,psi-data/PSI-107/Raw Data/PSI-107_Raw Data_SPICE_GMT052_2009_ContactSheet.zip
Raw Data/Reduced Gravity/SPICE Day 052,PSI-107_Raw Data_SPICE_GMT052_2009_jpegs.zip,131468585,False,False,,psi-data/PSI-107/Raw Data/PSI-107_Raw Data_SPICE_GMT052_2009_jpegs.zip
Raw Data/Reduced Gravity/SPICE Day 052,PSI-107_Raw Data_Still Images.zip,32841324,False,False,,psi-data/PSI-107/Raw Data/PSI-107_Raw Data_Still Images.zip
Raw Data/Reduced Gravity/SPICE Day 055,PSI-107_Raw Data_GMT055nikon.xls,4804096,False,False,,psi-data/PSI-107/Raw Data/PSI-107_Raw Data_GMT055nikon.xls
Raw Data/Reduced Gravity/SPICE Day 055,PSI-107_Raw Data_SPICE_GMT2009_055_NikonD100_PictureBook.ppt,144185344,False,False,,psi-data/PSI-107/Raw Data/PSI-107_Raw Data_SPICE_GMT2009_055_NikonD100_PictureBook.ppt
Raw Data/Reduced Gravity/SPICE Day 055,PSI-107_Raw Data_Downlink Frame Grabs TP 55.zip,9856113,False,False,,psi-data/PSI-107/Raw Data/PSI-107_Raw Data_Downlink Frame Grabs TP 55.zip
Raw Data/Reduced Gravity/SPICE Day 055,PSI-107_Raw Data_Downlink Frame Grabs TP 57.zip,8529955,False,False,,psi-data/PSI-107/Raw Data/PSI-107_Raw Data_Downlink Frame Grabs TP 57.zip
Raw Data/Reduced Gravity/SPICE Day 055,PSI-107_Raw Data_Downlink Frame Grabs TP 59.zip,15806483,False,False,,psi-data/PSI-107/Raw Data/PSI-107_Raw Data_Downlink Frame Grabs TP 59.zip
Raw Data/Reduced Gravity/SPICE Day 055,PSI-107_Raw Data_Downlink Frame Grabs TP 61.zip,15345342,False,False,,psi-data/PSI-107/Raw Data/PSI-107_Raw Data_Downlink Frame Grabs TP 61.zip
Raw Data/Reduced Gravity/SPICE Day 055,PSI-107_Raw Data_Downlink Frame Grabs TP 63.zip,7125231,False,False,,psi-data/PSI-107/Raw Data/PSI-107_Raw Data_Downlink Frame Grabs TP 63.zip
Raw Data/Reduced Gravity/SPICE Day 055,PSI-107_Raw Data_Downlink Frame Grabs TP 65.zip,24931159,False,False,,psi-data/PSI-107/Raw Data/PSI-107_Raw Data_Downlink Frame Grabs TP 65.zip
Raw Data/Reduced Gravity/SPICE Day 055,PSI-107_Raw Data_Downlink Frame Grabs TP 67.zip,5983015,False,False,,psi-data/PSI-107/Raw Data/PSI-107_Raw Data_Downlink Frame Grabs TP 67.zip
Raw Data/Reduced Gravity/SPICE Day 055,PSI-107_Raw Data_Downlink Frame Grabs TP 67A.zip,6958490,False,False,,psi-data/PSI-107/Raw Data/PSI-107_Raw Data_Downlink Frame Grabs TP 67A.zip
Raw Data/Reduced Gravity/SPICE Day 055,PSI-107_Raw Data_SPICE_GMT2009_055_Contact Sheet.zip,128123447,False,False,,psi-data/PSI-107/Raw Data/PSI-107_Raw Data_SPICE_GMT2009_055_Contact Sheet.zip
Raw Data/Reduced Gravity/SPICE Day 055,PSI-107_Raw Data_SPICE_GMT2009_055_jpeg.zip,77523642,False,False,,psi-data/PSI-107/Raw Data/PSI-107_Raw Data_SPICE_GMT2009_055_jpeg.zip
Raw Data/Reduced Gravity/SPICE Day 055,PSI-107_Raw Data_SPICE_GMT2009_055_NEF.zip,462755461,False,False,,psi-data/PSI-107/Raw Data/PSI-107_Raw Data_SPICE_GMT2009_055_NEF.zip
Raw Data/Reduced Gravity/SPICE Day 058,PSI-107_Raw Data_GMT058nikon.xls,11449344,False,False,,psi-data/PSI-107/Raw Data/PSI-107_Raw Data_GMT058nikon.xls
Raw Data/Reduced Gravity/SPICE Day 058,PSI-107_Raw Data_SPICE_GMT2009_058_NikonD100_PictureBook.ppt,195301888,False,False,,psi-data/PSI-107/Raw Data/PSI-107_Raw Data_SPICE_GMT2009_058_NikonD100_PictureBook.ppt
Raw Data/Reduced Gravity/SPICE Day 058,PSI-107_Raw Data_Downlink Frame Grabs Playback Images.zip,36986942,False,False,,psi-data/PSI-107/Raw Data/PSI-107_Raw Data_Downlink Frame Grabs Playback Images.zip
Raw Data/Reduced Gravity/SPICE Day 058,PSI-107_Raw Data_Downlink Frame Grabs TP 73.zip,13888709,False,False,,psi-data/PSI-107/Raw Data/PSI-107_Raw Data_Downlink Frame Grabs TP 73.zip
Raw Data/Reduced Gravity/SPICE Day 058,PSI-107_Raw Data_Downlink Frame Grabs TP 75.zip,8506451,False,False,,psi-data/PSI-107/Raw Data/PSI-107_Raw Data_Downlink Frame Grabs TP 75.zip
Raw Data/Reduced Gravity/SPICE Day 058,PSI-107_Raw Data_Downlink Frame Grabs TP 77.zip,6871867,False,False,,psi-data/PSI-107/Raw Data/PSI-107_Raw Data_Downlink Frame Grabs TP 77.zip
Raw Data/Reduced Gravity/SPICE Day 058,PSI-107_Raw Data_Downlink Frame Grabs TP 79.zip,8760961,False,False,,psi-data/PSI-107/Raw Data/PSI-107_Raw Data_Downlink Frame Grabs TP 79.zip
Raw Data/Reduced Gravity/SPICE Day 058,PSI-107_Raw Data_Downlink Frame Grabs TP 81.zip,7225091,False,False,,psi-data/PSI-107/Raw Data/PSI-107_Raw Data_Downlink Frame Grabs TP 81.zip
Raw Data/Reduced Gravity/SPICE Day 058,PSI-107_Raw Data_Downlink Frame Grabs TP 83.zip,3020070,False,False,,psi-data/PSI-107/Raw Data/PSI-107_Raw Data_Downlink Frame Grabs TP 83.zip
Raw Data/Reduced Gravity/SPICE Day 058,PSI-107_Raw Data_Downlink Frame Grabs TP 85.zip,8570510,False,False,,psi-data/PSI-107/Raw Data/PSI-107_Raw Data_Downlink Frame Grabs TP 85.zip
Raw Data/Reduced Gravity/SPICE Day 058,PSI-107_Raw Data_Downlink Frame Grabs TP 87.zip,7088473,False,False,,psi-data/PSI-107/Raw Data/PSI-107_Raw Data_Downlink Frame Grabs TP 87.zip
Raw Data/Reduced Gravity/SPICE Day 058,PSI-107_Raw Data_Downlink Frame Grabs TP 89.zip,7480137,False,False,,psi-data/PSI-107/Raw Data/PSI-107_Raw Data_Downlink Frame Grabs TP 89.zip
Raw Data/Reduced Gravity/SPICE Day 058,PSI-107_Raw Data_Downlink Frame Grabs TP 90B.zip,12452901,False,False,,psi-data/PSI-107/Raw Data/PSI-107_Raw Data_Downlink Frame Grabs TP 90B.zip
Raw Data/Reduced Gravity/SPICE Day 058,PSI-107_Raw Data_Downlink Frame Grabs TP 90C.zip,11533246,False,False,,psi-data/PSI-107/Raw Data/PSI-107_Raw Data_Downlink Frame Grabs TP 90C.zip
Raw Data/Reduced Gravity/SPICE Day 058,PSI-107_Raw Data_Downlink Frame GrabsTP 90D Manual Camera 0.4mm.zip,7928483,False,False,,psi-data/PSI-107/Raw Data/PSI-107_Raw Data_Downlink Frame GrabsTP 90D Manual Camera 0.4mm.zip
Raw Data/Reduced Gravity/SPICE Day 058,PSI-107_Raw Data_Downlink Frame Grabs TP 90E Manual Camera 0.8mm.zip,6583973,False,False,,psi-data/PSI-107/Raw Data/PSI-107_Raw Data_Downlink Frame Grabs TP 90E Manual Camera 0.8mm.zip
Raw Data/Reduced Gravity/SPICE Day 119,PSI-107_Raw Data_SPICE_GMT2009_119_ContactSheet.pdf,68775,False,True,Raw Data\Reduced Gravity\SPICE Day 119\PSI-107_Raw Data_SPICE_GMT2009_119_ContactSheet.pdf,psi-data/PSI-107/Raw Data/PSI-107_Raw Data_SPICE_GMT2009_119_ContactSheet.pdf
Raw Data/Reduced Gravity/SPICE Day 119,PSI-107_Raw Data_SPICE_GMT2009_119_video.mp4,82939533,False,False,,psi-data/PSI-107/Raw Data/PSI-107_Raw Data_SPICE_GMT2009_119_video.mp4
Raw Data/Reduced Gravity/SPICE Day 119,PSI-107_Raw Data_SPICE_GMT2009_119_video.avi,1228746628,False,False,,psi-data/PSI-107/Raw Data/PSI-107_Raw Data_SPICE_GMT2009_119_video.avi
Raw Data/Reduced Gravity/SPICE Day 136,PSI-107_Raw Data_SPICE_GMT136_Ign7.mp4,306843442,False,False,,psi-data/PSI-107/Raw Data/PSI-107_Raw Data_SPICE_GMT136_Ign7.mp4
Raw Data/Reduced Gravity/SPICE Day 136,PSI-107_Raw Data_SPICE_GMT136_Ign8a.mp4,37797434,False,False,,psi-data/PSI-107/Raw Data/PSI-107_Raw Data_SPICE_GMT136_Ign8a.mp4
Raw Data/Reduced Gravity/SPICE Day 136,PSI-107_Raw Data_SPICE_GMT136_Ign6.mp4,332386414,False,False,,psi-data/PSI-107/Raw Data/PSI-107_Raw Data_SPICE_GMT136_Ign6.mp4
Raw Data/Reduced Gravity/SPICE Day 136,PSI-107_Raw Data_SPICE_GMT136_Ign8.mp4,80001109,False,False,,psi-data/PSI-107/Raw Data/PSI-107_Raw Data_SPICE_GMT136_Ign8.mp4
Raw Data/Reduced Gravity/SPICE Day 136,PSI-107_Raw Data_SPICE_GMT136_Ign8b.mp4,197793111,False,False,,psi-data/PSI-107/Raw Data/PSI-107_Raw Data_SPICE_GMT136_Ign8b.mp4
Raw Data/Reduced Gravity/SPICE Day 136,PSI-107_Raw Data_SPICE_GMT136_Contact_Sheet.pdf,83835,False,True,Raw Data\Reduced Gravity\SPICE Day 136\PSI-107_Raw Data_SPICE_GMT136_Contact_Sheet.pdf,psi-data/PSI-107/Raw Data/PSI-107_Raw Data_SPICE_GMT136_Contact_Sheet.pdf
Raw Data/Reduced Gravity/SPICE Day 166,PSI-107_Raw Data_SPICE_GMT2009_166_SootClean_ContactSheet.pdf,214153,False,True,Raw Data\Reduced Gravity\SPICE Day 166\PSI-107_Raw Data_SPICE_GMT2009_166_SootClean_ContactSheet.pdf,psi-data/PSI-107/Raw Data/PSI-107_Raw Data_SPICE_GMT2009_166_SootClean_ContactSheet.pdf
Raw Data/Reduced Gravity/SPICE Day 167,PSI-107_Raw Data_SPICE_GMT2009_167_ContactSheet.pdf,149256,False,True,Raw Data\Reduced Gravity\SPICE Day 167\PSI-107_Raw Data_SPICE_GMT2009_167_ContactSheet.pdf,psi-data/PSI-107/Raw Data/PSI-107_Raw Data_SPICE_GMT2009_167_ContactSheet.pdf
Raw Data/Reduced Gravity/SPICE Day 173,PSI-107_Raw Data_SPICE_GMT2009_173_ContactSheet.pdf,347642,False,True,Raw Data\Reduced Gravity\SPICE Day 173\PSI-107_Raw Data_SPICE_GMT2009_173_ContactSheet.pdf,psi-data/PSI-107/Raw Data/PSI-107_Raw Data_SPICE_GMT2009_173_ContactSheet.pdf
Raw Data/Reduced Gravity/SPICE Day 174,PSI-107_Raw Data_SPICE_GMT2009_174_ContactSheet.pdf,405360,False,True,Raw Data\Reduced Gravity\SPICE Day 174\PSI-107_Raw Data_SPICE_GMT2009_174_ContactSheet.pdf,psi-data/PSI-107/Raw Data/PSI-107_Raw Data_SPICE_GMT2009_174_ContactSheet.pdf
Raw Data/Reduced Gravity/SPICE Day 062,PSI-107_Raw Data_SPICE_GMT2009_062_NEF.zip,419536901,False,False,,psi-data/PSI-107/Raw Data/PSI-107_Raw Data_SPICE_GMT2009_062_NEF.zip
Raw Data/Reduced Gravity/SPICE Day 062,PSI-107_Raw Data_SPICE_GMT2009_062_NikonD100_PictureBook.ppt,161559040,False,False,,psi-data/PSI-107/Raw Data/PSI-107_Raw Data_SPICE_GMT2009_062_NikonD100_PictureBook.ppt
Raw Data/Reduced Gravity/SPICE Day 062,PSI-107_Raw Data_GMT62_11.16.mp4,16674759,False,False,,psi-data/PSI-107/Raw Data/PSI-107_Raw Data_GMT62_11.16.mp4
Raw Data/Reduced Gravity/SPICE Day 062,PSI-107_Raw Data_GMT62_11.20.mp4,13961465,False,False,,psi-data/PSI-107/Raw Data/PSI-107_Raw Data_GMT62_11.20.mp4
Raw Data/Reduced Gravity/SPICE Day 062,PSI-107_Raw Data_GMT62_11.25.mp4,9916669,False,False,,psi-data/PSI-107/Raw Data/PSI-107_Raw Data_GMT62_11.25.mp4
Raw Data/Reduced Gravity/SPICE Day 062,PSI-107_Raw Data_GMT62_11.27.mp4,8305779,False,False,,psi-data/PSI-107/Raw Data/PSI-107_Raw Data_GMT62_11.27.mp4
Raw Data/Reduced Gravity/SPICE Day 062,PSI-107_Raw Data_GMT62_11.32.mp4,8503851,False,False,,psi-data/PSI-107/Raw Data/PSI-107_Raw Data_GMT62_11.32.mp4
Raw Data/Reduced Gravity/SPICE Day 062,PSI-107_Raw Data_GMT62_11.41.mp4,6824167,False,False,,psi-data/PSI-107/Raw Data/PSI-107_Raw Data_GMT62_11.41.mp4
Raw Data/Reduced Gravity/SPICE Day 062,PSI-107_Raw Data_GMT62_11.45.mp4,4818935,False,False,,psi-data/PSI-107/Raw Data/PSI-107_Raw Data_GMT62_11.45.mp4
Raw Data/Reduced Gravity/SPICE Day 062,PSI-107_Raw Data_GMT62_11.39.mp4,7136093,False,False,,psi-data/PSI-107/Raw Data/PSI-107_Raw Data_GMT62_11.39.mp4
Raw Data/Reduced Gravity/SPICE Day 062,PSI-107_Raw Data_GMT62_11.55.mp4,19250645,False,False,,psi-data/PSI-107/Raw Data/PSI-107_Raw Data_GMT62_11.55.mp4
Raw Data/Reduced Gravity/SPICE Day 062,PSI-107_Raw Data_GMT62_12.06.mp4,3786122,False,False,,psi-data/PSI-107/Raw Data/PSI-107_Raw Data_GMT62_12.06.mp4
Raw Data/Reduced Gravity/SPICE Day 062,PSI-107_Raw Data_GMT62_12.03.mp4,12452117,False,False,,psi-data/PSI-107/Raw Data/PSI-107_Raw Data_GMT62_12.03.mp4
Raw Data/Reduced Gravity/SPICE Day 062,PSI-107_Raw Data_GMT62_12.12.mp4,15552259,False,False,,psi-data/PSI-107/Raw Data/PSI-107_Raw Data_GMT62_12.12.mp4
Raw Data/Reduced Gravity/SPICE Day 062,PSI-107_Raw Data_Downlink Frame Grabs TP 0091_2_1.6Nzl.zip,5941456,False,False,,psi-data/PSI-107/Raw Data/PSI-107_Raw Data_Downlink Frame Grabs TP 0091_2_1.6Nzl.zip
Raw Data/Reduced Gravity/SPICE Day 062,PSI-107_Raw Data_Downlink Frame Grabs TP 0091.zip,471593,False,False,,psi-data/PSI-107/Raw Data/PSI-107_Raw Data_Downlink Frame Grabs TP 0091.zip
Raw Data/Reduced Gravity/SPICE Day 062,PSI-107_Raw Data_Downlink Frame Grabs TP 0093.zip,497308,False,False,,psi-data/PSI-107/Raw Data/PSI-107_Raw Data_Downlink Frame Grabs TP 0093.zip
Raw Data/Reduced Gravity/SPICE Day 062,PSI-107_Raw Data_Downlink Frame Grabs TP 0093_4.zip,5021587,False,False,,psi-data/PSI-107/Raw Data/PSI-107_Raw Data_Downlink Frame Grabs TP 0093_4.zip
Raw Data/Reduced Gravity/SPICE Day 062,PSI-107_Raw Data_Downlink Frame Grabs TP 0095.zip,482684,False,False,,psi-data/PSI-107/Raw Data/PSI-107_Raw Data_Downlink Frame Grabs TP 0095.zip
Raw Data/Reduced Gravity/SPICE Day 062,PSI-107_Raw Data_Downlink Frame Grabs TP 95_6.zip,3347611,False,False,,psi-data/PSI-107/Raw Data/PSI-107_Raw Data_Downlink Frame Grabs TP 95_6.zip
Raw Data/Reduced Gravity/SPICE Day 062,PSI-107_Raw Data_Downlink Frame Grabs TP 0096.zip,699983,False,False,,psi-data/PSI-107/Raw Data/PSI-107_Raw Data_Downlink Frame Grabs TP 0096.zip
Raw Data/Reduced Gravity/SPICE Day 062,PSI-107_Raw Data_Downlink Frame Grabs TP 0096B_C.zip,2514382,False,False,,psi-data/PSI-107/Raw Data/PSI-107_Raw Data_Downlink Frame Grabs TP 0096B_C.zip
Raw Data/Reduced Gravity/SPICE Day 062,PSI-107_Raw Data_Downlink Frame Grabs TP 0096D_E.zip,3493414,False,False,,psi-data/PSI-107/Raw Data/PSI-107_Raw Data_Downlink Frame Grabs TP 0096D_E.zip
Raw Data/Reduced Gravity/SPICE Day 062,PSI-107_Raw Data_Downlink Frame Grabs TP 0097.zip,583538,False,False,,psi-data/PSI-107/Raw Data/PSI-107_Raw Data_Downlink Frame Grabs TP 0097.zip
Raw Data/Reduced Gravity/SPICE Day 062,PSI-107_Raw Data_Downlink Frame Grabs TP 0097_8_0.8Nzl.zip,3443882,False,False,,psi-data/PSI-107/Raw Data/PSI-107_Raw Data_Downlink Frame Grabs TP 0097_8_0.8Nzl.zip
Raw Data/Reduced Gravity/SPICE Day 062,PSI-107_Raw Data_Downlink Frame Grabs TP 0099.zip,482926,False,False,,psi-data/PSI-107/Raw Data/PSI-107_Raw Data_Downlink Frame Grabs TP 0099.zip
Raw Data/Reduced Gravity/SPICE Day 062,PSI-107_Raw Data_Downlink Frame Grabs TP 0099_100.zip,2910586,False,False,,psi-data/PSI-107/Raw Data/PSI-107_Raw Data_Downlink Frame Grabs TP 0099_100.zip
Raw Data/Reduced Gravity/SPICE Day 062,PSI-107_Raw Data_Downlink Frame Grabs TP 0101.zip,258787,False,False,,psi-data/PSI-107/Raw Data/PSI-107_Raw Data_Downlink Frame Grabs TP 0101.zip
Raw Data/Reduced Gravity/SPICE Day 062,PSI-107_Raw Data_Downlink Frame Grabs TP 0101_102_end_of 1st bottle.zip,1789047,False,False,,psi-data/PSI-107/Raw Data/PSI-107_Raw Data_Downlink Frame Grabs TP 0101_102_end_of 1st bottle.zip
Raw Data/Reduced Gravity/SPICE Day 062,PSI-107_Raw Data_Downlink Frame Grabs TP 0102.zip,1228372,False,False,,psi-data/PSI-107/Raw Data/PSI-107_Raw Data_Downlink Frame Grabs TP 0102.zip
Raw Data/Reduced Gravity/SPICE Day 062,PSI-107_Raw Data_Downlink Frame Grabs TP 0102_b_NewBottle_Fumi.zip,9278310,False,False,,psi-data/PSI-107/Raw Data/PSI-107_Raw Data_Downlink Frame Grabs TP 0102_b_NewBottle_Fumi.zip
Raw Data/Reduced Gravity/SPICE Day 062,PSI-107_Raw Data_062 TP 103 vlcsnap-4272441.zip,422650,False,False,,psi-data/PSI-107/Raw Data/PSI-107_Raw Data_062 TP 103 vlcsnap-4272441.zip
Raw Data/Reduced Gravity/SPICE Day 062,PSI-107_Raw Data_Downlink Frame Grabs TP 0103a_e_104_0.4Nzl.zip,4144346,False,False,,psi-data/PSI-107/Raw Data/PSI-107_Raw Data_Downlink Frame Grabs TP 0103a_e_104_0.4Nzl.zip
Raw Data/Reduced Gravity/SPICE Day 062,PSI-107_Raw Data_Downlink Frame Grabs TP 0103f_blowoff.zip,2122778,False,False,,psi-data/PSI-107/Raw Data/PSI-107_Raw Data_Downlink Frame Grabs TP 0103f_blowoff.zip
Raw Data/Reduced Gravity/SPICE Day 062,PSI-107_Raw Data_Downlink Frame Grabs TP 0104.zip,1492110,False,False,,psi-data/PSI-107/Raw Data/PSI-107_Raw Data_Downlink Frame Grabs TP 0104.zip
Raw Data/Reduced Gravity/SPICE Day 062,PSI-107_Raw Data_Downlink Frame Grabs TP 0104_1.zip,855618,False,False,,psi-data/PSI-107/Raw Data/PSI-107_Raw Data_Downlink Frame Grabs TP 0104_1.zip
Raw Data/Reduced Gravity/SPICE Day 062,PSI-107_Raw Data_Downlink Frame Grabs TP 0104b.zip,9100966,False,False,,psi-data/PSI-107/Raw Data/PSI-107_Raw Data_Downlink Frame Grabs TP 0104b.zip
Raw Data/Reduced Gravity/SPICE Day 062,PSI-107_Raw Data_Focus Check - Flight Hdwr.nef,11226428,False,False,,psi-data/PSI-107/Raw Data/PSI-107_Raw Data_Focus Check - Flight Hdwr.nef
Raw Data/Reduced Gravity/SPICE Day 062,PSI-107_Raw Data_SPICE_GMT2009_062_jpegs.zip,94753456,False,False,,psi-data/PSI-107/Raw Data/PSI-107_Raw Data_SPICE_GMT2009_062_jpegs.zip
Raw Data/Reduced Gravity/SPICE Day 062,PSI-107_Raw Data_SPICE_GMT2009_062_Movie Files.zip,71809994,False,False,,psi-data/PSI-107/Raw Data/PSI-107_Raw Data_SPICE_GMT2009_062_Movie Files.zip
"Raw Data/Earth Gravity/Calibration Data, Airflow Test",PSI-107_Raw Data_SPICE_Airflow_Test_VelocityData.xlsx,258387,False,True,"Raw Data\Earth Gravity\Calibration Data, Airflow Test\PSI-107_Raw Data_SPICE_Airflow_Test_VelocityData.xlsx",psi-data/PSI-107/Raw Data/PSI-107_Raw Data_SPICE_Airflow_Test_VelocityData.xlsx
"Raw Data/Earth Gravity/Calibration Data, Airflow Test",PSI-107_Raw Data_SPICE_Airflow_Test_VelocityComparison.xlsx,93488,False,True,"Raw Data\Earth Gravity\Calibration Data, Airflow Test\PSI-107_Raw Data_SPICE_Airflow_Test_VelocityComparison.xlsx",psi-data/PSI-107/Raw Data/PSI-107_Raw Data_SPICE_Airflow_Test_VelocityComparison.xlsx
"Raw Data/Earth Gravity/Calibration Data, Airflow Test","PSI-107_Raw Data_SPICE Flow Duct Cal - 13 mm Station x 57 mm Height, OUTSIDE.xls",87552,False,True,"Raw Data\Earth Gravity\Calibration Data, Airflow Test\PSI-107_Raw Data_SPICE Flow Duct Cal - 13 mm Station x 57 mm Height, OUTSIDE.xls","psi-data/PSI-107/Raw Data/PSI-107_Raw Data_SPICE Flow Duct Cal - 13 mm Station x 57 mm Height, OUTSIDE.xls"
"Raw Data/Earth Gravity/Calibration Data, Airflow Test","PSI-107_Raw Data_SPICE Flow Duct Cal - 13 mm Station x 19 mm Height, CENTER.xls",87552,False,True,"Raw Data\Earth Gravity\Calibration Data, Airflow Test\PSI-107_Raw Data_SPICE Flow Duct Cal - 13 mm Station x 19 mm Height, CENTER.xls","psi-data/PSI-107/Raw Data/PSI-107_Raw Data_SPICE Flow Duct Cal - 13 mm Station x 19 mm Height, CENTER.xls"
"Raw Data/Earth Gravity/Calibration Data, Airflow Test","PSI-107_Raw Data_SPICE Flow Duct Cal - 13 mm Station x 19 mm Height, INSIDE.xls",87552,False,True,"Raw Data\Earth Gravity\Calibration Data, Airflow Test\PSI-107_Raw Data_SPICE Flow Duct Cal - 13 mm Station x 19 mm Height, INSIDE.xls","psi-data/PSI-107/Raw Data/PSI-107_Raw Data_SPICE Flow Duct Cal - 13 mm Station x 19 mm Height, INSIDE.xls"
"Raw Data/Earth Gravity/Calibration Data, Airflow Test","PSI-107_Raw Data_SPICE Flow Duct Cal - 13 mm Station x 19 mm Height, OUTSIDE.xls",87040,False,True,"Raw Data\Earth Gravity\Calibration Data, Airflow Test\PSI-107_Raw Data_SPICE Flow Duct Cal - 13 mm Station x 19 mm Height, OUTSIDE.xls","psi-data/PSI-107/Raw Data/PSI-107_Raw Data_SPICE Flow Duct Cal - 13 mm Station x 19 mm Height, OUTSIDE.xls"
"Raw Data/Earth Gravity/Calibration Data, Airflow Test","PSI-107_Raw Data_SPICE Flow Duct Cal - 13 mm Station x 36 mm Height, CENTER.xls",87552,False,True,"Raw Data\Earth Gravity\Calibration Data, Airflow Test\PSI-107_Raw Data_SPICE Flow Duct Cal - 13 mm Station x 36 mm Height, CENTER.xls","psi-data/PSI-107/Raw Data/PSI-107_Raw Data_SPICE Flow Duct Cal - 13 mm Station x 36 mm Height, CENTER.xls"
"Raw Data/Earth Gravity/Calibration Data, Airflow Test","PSI-107_Raw Data_SPICE Flow Duct Cal - 13 mm Station x 36 mm Height, INSIDE.xls",87552,False,True,"Raw Data\Earth Gravity\Calibration Data, Airflow Test\PSI-107_Raw Data_SPICE Flow Duct Cal - 13 mm Station x 36 mm Height, INSIDE.xls","psi-data/PSI-107/Raw Data/PSI-107_Raw Data_SPICE Flow Duct Cal - 13 mm Station x 36 mm Height, INSIDE.xls"
"Raw Data/Earth Gravity/Calibration Data, Airflow Test","PSI-107_Raw Data_SPICE Flow Duct Cal - 13 mm Station x 36 mm Height, OUTSIDE.xls",87552,False,True,"Raw Data\Earth Gravity\Calibration Data, Airflow Test\PSI-107_Raw Data_SPICE Flow Duct Cal - 13 mm Station x 36 mm Height, OUTSIDE.xls","psi-data/PSI-107/Raw Data/PSI-107_Raw Data_SPICE Flow Duct Cal - 13 mm Station x 36 mm Height, OUTSIDE.xls"
"Raw Data/Earth Gravity/Calibration Data, Airflow Test","PSI-107_Raw Data_SPICE Flow Duct Cal - 13 mm Station x 57 mm Height, CENTER.xls",87552,False,True,"Raw Data\Earth Gravity\Calibration Data, Airflow Test\PSI-107_Raw Data_SPICE Flow Duct Cal - 13 mm Station x 57 mm Height, CENTER.xls","psi-data/PSI-107/Raw Data/PSI-107_Raw Data_SPICE Flow Duct Cal - 13 mm Station x 57 mm Height, CENTER.xls"
"Raw Data/Earth Gravity/Calibration Data, Airflow Test","PSI-107_Raw Data_SPICE Flow Duct Cal - 13 mm Station x 57 mm Height, INSIDE.xls",87552,False,True,"Raw Data\Earth Gravity\Calibration Data, Airflow Test\PSI-107_Raw Data_SPICE Flow Duct Cal - 13 mm Station x 57 mm Height, INSIDE.xls","psi-data/PSI-107/Raw Data/PSI-107_Raw Data_SPICE Flow Duct Cal - 13 mm Station x 57 mm Height, INSIDE.xls"
"Raw Data/Earth Gravity/Calibration Data, Airflow Test",PSI-107_Raw Data_SPICE_Airflow_Test_Duct Velocity Profiles.xls,74752,False,True,"Raw Data\Earth Gravity\Calibration Data, Airflow Test\PSI-107_Raw Data_SPICE_Airflow_Test_Duct Velocity Profiles.xls",psi-data/PSI-107/Raw Data/PSI-107_Raw Data_SPICE_Airflow_Test_Duct Velocity Profiles.xls
"Raw Data/Earth Gravity/Calibration Data, Airflow Test",PSI-107_Raw Data_SPICE_AIRFLOW_TEST.ppt,1302528,False,True,"Raw Data\Earth Gravity\Calibration Data, Airflow Test\PSI-107_Raw Data_SPICE_AIRFLOW_TEST.ppt",psi-data/PSI-107/Raw Data/PSI-107_Raw Data_SPICE_AIRFLOW_TEST.ppt
"Raw Data/Earth Gravity/Calibration Data, Airflow Test","PSI-107_Raw Data_SPICE Flow Duct Cal - 56 mm Station x 57 mm Height, OUTSIDE.xls",87552,False,True,"Raw Data\Earth Gravity\Calibration Data, Airflow Test\PSI-107_Raw Data_SPICE Flow Duct Cal - 56 mm Station x 57 mm Height, OUTSIDE.xls","psi-data/PSI-107/Raw Data/PSI-107_Raw Data_SPICE Flow Duct Cal - 56 mm Station x 57 mm Height, OUTSIDE.xls"
"Raw Data/Earth Gravity/Calibration Data, Airflow Test","PSI-107_Raw Data_SPICE Flow Duct Cal - 56 mm Station x 19 mm Height, CENTER.xls",87552,False,True,"Raw Data\Earth Gravity\Calibration Data, Airflow Test\PSI-107_Raw Data_SPICE Flow Duct Cal - 56 mm Station x 19 mm Height, CENTER.xls","psi-data/PSI-107/Raw Data/PSI-107_Raw Data_SPICE Flow Duct Cal - 56 mm Station x 19 mm Height, CENTER.xls"
"Raw Data/Earth Gravity/Calibration Data, Airflow Test","PSI-107_Raw Data_SPICE Flow Duct Cal - 56 mm Station x 19 mm Height, INSIDE.xls",87040,False,True,"Raw Data\Earth Gravity\Calibration Data, Airflow Test\PSI-107_Raw Data_SPICE Flow Duct Cal - 56 mm Station x 19 mm Height, INSIDE.xls","psi-data/PSI-107/Raw Data/PSI-107_Raw Data_SPICE Flow Duct Cal - 56 mm Station x 19 mm Height, INSIDE.xls"
"Raw Data/Earth Gravity/Calibration Data, Airflow Test","PSI-107_Raw Data_SPICE Flow Duct Cal - 56 mm Station x 19 mm Height, OUTSIDE.xls",87040,False,True,"Raw Data\Earth Gravity\Calibration Data, Airflow Test\PSI-107_Raw Data_SPICE Flow Duct Cal - 56 mm Station x 19 mm Height, OUTSIDE.xls","psi-data/PSI-107/Raw Data/PSI-107_Raw Data_SPICE Flow Duct Cal - 56 mm Station x 19 mm Height, OUTSIDE.xls"
"Raw Data/Earth Gravity/Calibration Data, Airflow Test","PSI-107_Raw Data_SPICE Flow Duct Cal - 56 mm Station x 36 mm Height, CENTER.xls",87552,False,True,"Raw Data\Earth Gravity\Calibration Data, Airflow Test\PSI-107_Raw Data_SPICE Flow Duct Cal - 56 mm Station x 36 mm Height, CENTER.xls","psi-data/PSI-107/Raw Data/PSI-107_Raw Data_SPICE Flow Duct Cal - 56 mm Station x 36 mm Height, CENTER.xls"
"Raw Data/Earth Gravity/Calibration Data, Airflow Test","PSI-107_Raw Data_SPICE Flow Duct Cal - 56 mm Station x 36 mm Height, INSIDE.xls",87040,False,True,"Raw Data\Earth Gravity\Calibration Data, Airflow Test\PSI-107_Raw Data_SPICE Flow Duct Cal - 56 mm Station x 36 mm Height, INSIDE.xls","psi-data/PSI-107/Raw Data/PSI-107_Raw Data_SPICE Flow Duct Cal - 56 mm Station x 36 mm Height, INSIDE.xls"
"Raw Data/Earth Gravity/Calibration Data, Airflow Test","PSI-107_Raw Data_SPICE Flow Duct Cal - 56 mm Station x 36 mm Height, OUTSIDE.xls",87040,False,True,"Raw Data\Earth Gravity\Calibration Data, Airflow Test\PSI-107_Raw Data_SPICE Flow Duct Cal - 56 mm Station x 36 mm Height, OUTSIDE.xls","psi-data/PSI-107/Raw Data/PSI-107_Raw Data_SPICE Flow Duct Cal - 56 mm Station x 36 mm Height, OUTSIDE.xls"
"Raw Data/Earth Gravity/Calibration Data, Airflow Test","PSI-107_Raw Data_SPICE Flow Duct Cal - 56 mm Station x 57 mm Height, CENTER.xls",87552,False,True,"Raw Data\Earth Gravity\Calibration Data, Airflow Test\PSI-107_Raw Data_SPICE Flow Duct Cal - 56 mm Station x 57 mm Height, CENTER.xls","psi-data/PSI-107/Raw Data/PSI-107_Raw Data_SPICE Flow Duct Cal - 56 mm Station x 57 mm Height, CENTER.xls"
"Raw Data/Earth Gravity/Calibration Data, Airflow Test","PSI-107_Raw Data_SPICE Flow Duct Cal - 56 mm Station x 57 mm Height, INSIDE.xls",87552,False,True,"Raw Data\Earth Gravity\Calibration Data, Airflow Test\PSI-107_Raw Data_SPICE Flow Duct Cal - 56 mm Station x 57 mm Height, INSIDE.xls","psi-data/PSI-107/Raw Data/PSI-107_Raw Data_SPICE Flow Duct Cal - 56 mm Station x 57 mm Height, INSIDE.xls"
"Raw Data/Earth Gravity/Calibration Data, Fuel Flow",PSI-107_Raw Data_SPICE_FuelFlow_EngineeringUnitControl.pptx,888772,False,True,"Raw Data\Earth Gravity\Calibration Data, Fuel Flow\PSI-107_Raw Data_SPICE_FuelFlow_EngineeringUnitControl.pptx",psi-data/PSI-107/Raw Data/PSI-107_Raw Data_SPICE_FuelFlow_EngineeringUnitControl.pptx
"Raw Data/Earth Gravity/Calibration Data, Fuel Flow",PSI-107_Raw Data_SPICE_FuelFlow_EngineeringUnitControl.xlsx,650473,False,True,"Raw Data\Earth Gravity\Calibration Data, Fuel Flow\PSI-107_Raw Data_SPICE_FuelFlow_EngineeringUnitControl.xlsx",psi-data/PSI-107/Raw Data/PSI-107_Raw Data_SPICE_FuelFlow_EngineeringUnitControl.xlsx
"Raw Data/Earth Gravity/Calibration Data, Fuel Flow",PSI-107_Raw Data_MASS_FLOW_CALIBRATION.xls,20480,False,True,"Raw Data\Earth Gravity\Calibration Data, Fuel Flow\PSI-107_Raw Data_MASS_FLOW_CALIBRATION.xls",psi-data/PSI-107/Raw Data/PSI-107_Raw Data_MASS_FLOW_CALIBRATION.xls
"Raw Data/Earth Gravity/Calibration Data, Fuel Flow",PSI-107_Raw Data_SPICE_FuelFlow_MFC_settings.xlsx,60355,False,True,"Raw Data\Earth Gravity\Calibration Data, Fuel Flow\PSI-107_Raw Data_SPICE_FuelFlow_MFC_settings.xlsx",psi-data/PSI-107/Raw Data/PSI-107_Raw Data_SPICE_FuelFlow_MFC_settings.xlsx
"Raw Data/Earth Gravity/Calibration Data, Fuel Flow",PSI-107_Raw Data_SPICE Flow settings_w chart.xls,27648,False,True,"Raw Data\Earth Gravity\Calibration Data, Fuel Flow\PSI-107_Raw Data_SPICE Flow settings_w chart.xls",psi-data/PSI-107/Raw Data/PSI-107_Raw Data_SPICE Flow settings_w chart.xls
"Raw Data/Earth Gravity/Calibration Data, Fuel Flow",PSI-107_Raw Data_SPICE_FuelFlow__Voltage.xlsx,41334,False,True,"Raw Data\Earth Gravity\Calibration Data, Fuel Flow\PSI-107_Raw Data_SPICE_FuelFlow__Voltage.xlsx",psi-data/PSI-107/Raw Data/PSI-107_Raw Data_SPICE_FuelFlow__Voltage.xlsx
"Raw Data/Earth Gravity/Calibration Data, Fuel Flow",PSI-107_Raw Data_SPICE_FuelFlow_411259meter.xls,17408,False,True,"Raw Data\Earth Gravity\Calibration Data, Fuel Flow\PSI-107_Raw Data_SPICE_FuelFlow_411259meter.xls",psi-data/PSI-107/Raw Data/PSI-107_Raw Data_SPICE_FuelFlow_411259meter.xls
"Raw Data/Earth Gravity/Calibration Data, Fuel Flow",PSI-107_Raw Data_SPICE_FuelFlow_EngineeringUnitControl.pdf,909218,False,True,"Raw Data\Earth Gravity\Calibration Data, Fuel Flow\PSI-107_Raw Data_SPICE_FuelFlow_EngineeringUnitControl.pdf",psi-data/PSI-107/Raw Data/PSI-107_Raw Data_SPICE_FuelFlow_EngineeringUnitControl.pdf
Engineering Documents,PSI-107_Engineering Documents_SPICE_Phase III Flight Safety Data Package.pdf,4490750,False,True,Engineering Documents\PSI-107_Engineering Documents_SPICE_Phase III Flight Safety Data Package.pdf,psi-data/PSI-107/Engineering Documents/PSI-107_Engineering Documents_SPICE_Phase III Flight Safety Data Package.pdf
Engineering Documents,PSI-107_Engineering Documents_SPICE-MEM-010.pdf,113106,False,True,Engineering Documents\PSI-107_Engineering Documents_SPICE-MEM-010.pdf,psi-data/PSI-107/Engineering Documents/PSI-107_Engineering Documents_SPICE-MEM-010.pdf
Engineering Documents,PSI-107_Engineering Documents_60054MAFH000-C SPICE Experiment Assembly.pdf,591060,False,True,Engineering Documents\PSI-107_Engineering Documents_60054MAFH000-C SPICE Experiment Assembly.pdf,psi-data/PSI-107/Engineering Documents/PSI-107_Engineering Documents_60054MAFH000-C SPICE Experiment Assembly.pdf
Engineering Documents,PSI-107_Engineering Documents_SPICE_ScienceVerificationReport.pdf,237000,False,True,Engineering Documents\PSI-107_Engineering Documents_SPICE_ScienceVerificationReport.pdf,psi-data/PSI-107/Engineering Documents/PSI-107_Engineering Documents_SPICE_ScienceVerificationReport.pdf
Reference Data,PSI-107_Reference Data_SPICE_VIDEO OVERLAY RESET.pdf,1060135,False,True,Reference Data\PSI-107_Reference Data_SPICE_VIDEO OVERLAY RESET.pdf,psi-data/PSI-107/Reference Data/PSI-107_Reference Data_SPICE_VIDEO OVERLAY RESET.pdf
Experimental table,PSI-107_Experimental table_Spice.csv,31205,False,True,Experimental table\PSI-107_Experimental table_Spice.csv,psi-data/PSI-107/Experimental table/PSI-107_Experimental table_Spice.csv
