accession,folder,title,acronym,sub_area,doi,license,files_total,gb_total,files_downloaded,mb_downloaded,url
PSI-142,PSI-142_Quantitative_Studies_of_Cool_Flame_Trans,Quantitative Studies of Cool Flame Transitions at Radiation / Stretch Extinction Using Counterflow Flames,,Spacecraft Fire Safety,10.60555/80qf-vj95,Creative Commons Zero v1.0 Universal,3,0.0,3,0.7,https://psi.nasa.gov/physci/repo/data/studies/PSI-142
PSI-62,PSI-62_Concurrent_Flame_Spread_Modeling_using_F,Concurrent Flame Spread Modeling using Flamelet Generated Manifolds in Microgravity with Comparison to BASS Experiments using Two-Color Tomography,,Spacecraft Fire Safety,10.60555/e9xp-ex83,Creative Commons Zero v1.0 Universal,1,0.0,1,0.0,https://psi.nasa.gov/physci/repo/data/studies/PSI-62
PSI-60,PSI-60_Computational_and_Experimental_Analysis_,Computational and Experimental Analysis of SPICE Data Sets,,Gaseous,10.60555/mzjm-yv57,Creative Commons Zero v1.0 Universal,1,0.0,1,0.0,https://psi.nasa.gov/physci/repo/data/studies/PSI-60
PSI-26,PSI-26_BASS,Burning and Suppression of Solids,BASS,Spacecraft Fire Safety,10.60555/58h4-dy80,Creative Commons Zero v1.0 Universal,212,163.55,37,39.8,https://psi.nasa.gov/physci/repo/data/studies/PSI-26
PSI-106,PSI-106_SLICE,Structure and Liftoff In Combustion Experiment,SLICE,,10.60555/pm12-rg61,Creative Commons Zero v1.0 Universal,23467,72.91,350,126.1,https://psi.nasa.gov/physci/repo/data/studies/PSI-106
PSI-98,PSI-98_SAFFIRE-I,Spacecraft Fire Safety Experiment-I,SAFFIRE-I,"Spacecraft Fire, Smoke Distribution",10.60555/0t15-1z43,Creative Commons Zero v1.0 Universal,76,12.25,8,18.8,https://psi.nasa.gov/physci/repo/data/studies/PSI-98
PSI-117,PSI-117_Effect_of_External_Thermo-Convective_Per,Effect of External Thermo-Convective Perturbation on Cool Flame Dynamics: A Multidimensional Multi-Physics CFD Analysis,,Droplet,10.60555/gz0q-b577,Creative Commons Zero v1.0 Universal,16,0.07,16,70.8,https://psi.nasa.gov/physci/repo/data/studies/PSI-117
PSI-115,PSI-115_Utilization_of_the_Smoke_Aerosol_Measure,Utilization of the Smoke Aerosol Measurement Experiment Data for Advanced Modeling and Simulation of Smoke Generation in Micro-Gravity,,"Smoke Aerosol, Combustion Simulation",10.60555/q0v5-1v28,Creative Commons Zero v1.0 Universal,47,0.26,47,264.4,https://psi.nasa.gov/physci/repo/data/studies/PSI-115
PSI-100,PSI-100_SAFFIRE-III,Spacecraft Fire Experiment-III,SAFFIRE-III,Spacecraft Fire Safety,10.60555/040q-4h36,Creative Commons Zero v1.0 Universal,87,35.21,11,32.2,https://psi.nasa.gov/physci/repo/data/studies/PSI-100
PSI-47,PSI-47_DAFT_-_DAFT-2,Dust and Aerosol Measurement Feasibility Test / Dust and Aerosol Measurement Feasibility Test-2,DAFT / DAFT-2,Spacecraft Fire Safety,10.60555/ztgj-d202,Creative Commons Zero v1.0 Universal,33,0.04,32,40.5,https://psi.nasa.gov/physci/repo/data/studies/PSI-47
PSI-39,PSI-39_CFI,Cool Flames Investigation,CFI,Droplets,10.60555/m6pj-a914,Creative Commons Zero v1.0 Universal,2832,718.89,1845,256.5,https://psi.nasa.gov/physci/repo/data/studies/PSI-39
PSI-102,PSI-102_SAME,Smoke and Aerosol Measurement Experiment,SAME,Spacecraft Fire Safety,10.60555/gd4k-8h62,Creative Commons Zero v1.0 Universal,105,0.66,96,310.0,https://psi.nasa.gov/physci/repo/data/studies/PSI-102
PSI-159,PSI-159_ACME_CFI-G,Advanced Combustion via Microgravity Experiments / Cool Flames Investigation with Gases,ACME CFI-G,Flames of Gaseous Fuels,10.60555/cyt1-kh64,Creative Commons Zero v1.0 Universal,3756,2085.59,1462,157.6,https://psi.nasa.gov/physci/repo/data/studies/PSI-159
PSI-101,PSI-101_SAME-R,Smoke Aerosol Measurement Experiment-Reflight,SAME-R,Spacecraft Fire Safety,10.60555/2np7-jv14,Creative Commons Zero v1.0 Universal,344,6.31,251,848.0,https://psi.nasa.gov/physci/repo/data/studies/PSI-101
PSI-25,PSI-25_BASS-II,Burning and Suppression of Solids - II,BASS-II,Spacecraft Fire Safety,10.60555/4qc4-de67,Creative Commons Zero v1.0 Universal,695,274.63,6,126.6,https://psi.nasa.gov/physci/repo/data/studies/PSI-25
PSI-22,PSI-22_ACME_E-FIELD_Flames,Advanced Combustion via Microgravity Experiments Electric-Field Effects on Laminar Diffusion Flames,ACME E-FIELD Flames,Laminar Flames,10.60555/se5a-8c73,Creative Commons Zero v1.0 Universal,2590,950.21,911,192.8,https://psi.nasa.gov/physci/repo/data/studies/PSI-22
PSI-99,PSI-99_SAFFIRE-II,Spacecraft Fire Experiment-II,SAFFIRE-II,Surface Combustion,10.60555/2chp-m469,Creative Commons Zero v1.0 Universal,222,16.93,18,41.5,https://psi.nasa.gov/physci/repo/data/studies/PSI-99
PSI-107,PSI-107_SPICE,Smoke Point In Co-flow Experiment,SPICE,Fire Safety,10.60555/9kbh-e962,Creative Commons Zero v1.0 Universal,188,6.95,59,57.1,https://psi.nasa.gov/physci/repo/data/studies/PSI-107
PSI-21,PSI-21_ACME_CLD_Flame,Advanced Combustion via Microgravity Experiments / Coflow Laminar Diffusion Flame,ACME CLD Flame,Flames of gaseous fuel,10.60555/23e1-9950,Creative Commons Zero v1.0 Universal,4883,2005.54,1551,308.6,https://psi.nasa.gov/physci/repo/data/studies/PSI-21
PSI-20,PSI-20_ACME_BRE,Advanced Combustion via Microgravity Experiments - Burning Rate Emulator,ACME BRE,Flames of Gaseous Fuels,10.60555/vb93-3y72,Creative Commons Zero v1.0 Universal,2345,2017.36,879,216.4,https://psi.nasa.gov/physci/repo/data/studies/PSI-20
PSI-23,PSI-23_ACME_s-Flame,Advanced Combustion via Microgravity Experiments-Structure and Response of Spherical Diffusion Flames,ACME s-Flame,Flames of gaseous fuels,10.60555/k57n-p030,Creative Commons Zero v1.0 Universal,4165,782.17,1481,225.1,https://psi.nasa.gov/physci/repo/data/studies/PSI-23
PSI-10,PSI-10_ACME-Flame_Design,Advanced Combustion via Microgravity Experiments / Flame Design,ACME/Flame Design,Flames of Gaseous Fuels,10.60555/w4zy-bt45,,3807,2180.44,1460,166.2,https://psi.nasa.gov/physci/repo/data/studies/PSI-10
PSI-69,PSI-69_FLEX,Flame Extinguishment Experiment,FLEX,Spacecraft Fire Safety,10.60555/mbq8-0451,Creative Commons Zero v1.0 Universal,6555,923.83,4849,618.8,https://psi.nasa.gov/physci/repo/data/studies/PSI-69
PSI-68,PSI-68_FLEX-2,Flame Extinguishment Experiment - 2,FLEX-2,Spacecraft Fire Safety,10.60555/byp8-h018,Creative Commons Zero v1.0 Universal,10156,1224.75,5506,536.4,https://psi.nasa.gov/physci/repo/data/studies/PSI-68
